"","PD","SR"
"fr",338.89898577106,124
"fo",329.62132547968,132
"na",360.9511738876,145
