"","PD","SR"
"fr",348.78786472005,124
"fo",332.75204687325,132
"na",367.21797408874,145
