"","PD","SR"
"fr",194.10131466902,124
"fo",199.67496917887,132
"na",210.71217693644,145
