"","PD","SR"
"fr",203.84719888738,124
"fo",214.02387479491,132
"na",222.30162930311,145
