"","PD","SR"
"fr",347.78004059387,124
"fo",333.83343074257,132
"na",376.3757442448,145
