"","PD","SR"
"fr",331.54539051162,124
"fo",321.38847062732,132
"na",347.69752669795,145
