"","PD","SR"
"fr",329.14712642172,124
"fo",305.5385068756,132
"na",344.47693993013,145
