"","PD","SR"
"fr",223.19946430692,124
"fo",229.51179940348,132
"na",244.52692732353,145
