"","PD","SR"
"fr",218.72111752442,124
"fo",221.96503828396,132
"na",231.59385773715,145
