"","PD","SR"
"fr",206.68067470858,124
"fo",210.30055859002,132
"na",218.51425542725,145
