"","PD","SR"
"fr",199.15892576202,124
"fo",199.60116994476,132
"na",214.97383253657,145
