"","PD","SR"
"fr",359.26810022065,124
"fo",344.86589878228,132
"na",382.62897449697,145
