"","PD","SR"
"fr",335.05031840816,124
"fo",311.61879313929,132
"na",345.41513398952,145
