"","PD","SR"
"fr",193.16594418016,124
"fo",208.01117892342,132
"na",221.64766608474,145
