"","PD","SR"
"fr",328.20799419697,124
"fo",314.92372008301,132
"na",353.65978419217,145
