"","PD","SR"
"fr",206.81489788118,124
"fo",214.2932701929,132
"na",229.59907052557,145
