"","PD","SR"
"fr",202.92249347218,124
"fo",218.96580452183,132
"na",228.17635756566,145
