"","PD","SR"
"fr",333.73890089282,124
"fo",320.94482956241,132
"na",350.55233017189,145
