"","ntaxa","mpd.obs","mpd.rand.mean","mpd.rand.sd","mpd.obs.rank","mpd.obs.z","mpd.obs.p","runs"
"fr",124,20.9639987094504,21.4753422838224,0.308586582526487,57,-1.65705057616406,0.057,999
"fo",132,20.5788491201059,21.4237658853607,0.288082309413182,4,-2.93290055531641,0.004,999
"na",145,21.7426258843347,21.492555659849,0.23182738679584,855,1.07869146929525,0.855,999
