"","ntaxa","mpd.obs","mpd.rand.mean","mpd.rand.sd","mpd.obs.rank","mpd.obs.z","mpd.obs.p","runs"
"fr",124,20.7619011263499,20.909467000575,0.322322721678957,301,-0.457820266149619,0.301,999
"fo",132,20.3170453145127,20.8759885035867,0.296875314497824,47,-1.88275401078555,0.047,999
"na",145,21.3942236971116,20.9479068477171,0.248197560727041,969,1.79823221504331,0.969,999
