"","ntaxa","mpd.obs","mpd.rand.mean","mpd.rand.sd","mpd.obs.rank","mpd.obs.z","mpd.obs.p","runs"
"fr",124,20.1847336439798,20.4355178450051,0.274562341858361,167,-0.913396204766785,0.167,999
"fo",132,19.8222334170028,20.384640878665,0.27149530488439,36,-2.0715181866649,0.036,999
"na",145,20.8540043547833,20.4586477126485,0.210818974249562,971,1.87533709212914,0.971,999
