"","ntaxa","mpd.obs","mpd.rand.mean","mpd.rand.sd","mpd.obs.rank","mpd.obs.z","mpd.obs.p","runs"
"fr",124,11.5389457120378,11.8244214579121,0.123114224143122,13,-2.31878767755148,0.013,999
"fo",132,11.5924126763821,11.8210461213006,0.111239050376525,29,-2.05533438252617,0.029,999
"na",145,11.7578544061303,11.8272676891451,0.0973976448785663,247,-0.712679275780821,0.247,999
