"","ntaxa","mpd.obs","mpd.rand.mean","mpd.rand.sd","mpd.obs.rank","mpd.obs.z","mpd.obs.p","runs"
"fr",124,20.3682407243861,20.5905764728331,0.281568059424097,210,-0.789634125766329,0.21,999
"fo",132,19.9836898781371,20.5608596308764,0.245532008919923,15,-2.35069046711384,0.015,999
"na",145,21.0524509536879,20.6139162119361,0.215616432324933,988,2.0338651234658,0.988,999
