"","ntaxa","mpd.obs","mpd.rand.mean","mpd.rand.sd","mpd.obs.rank","mpd.obs.z","mpd.obs.p","runs"
"fr",124,10.8848460179115,11.3274609489798,0.15173059780795,2,-2.91711057270466,0.002,999
"fo",132,10.9424772173596,11.3084455410563,0.141665876929062,6,-2.58332021535384,0.006,999
"na",145,11.2707895914228,11.3324075832317,0.116386776591648,298,-0.529424335077543,0.298,999
