"","ntaxa","mpd.obs","mpd.rand.mean","mpd.rand.sd","mpd.obs.rank","mpd.obs.z","mpd.obs.p","runs"
"fr",124,11.0540120445125,11.1839428373142,0.203620355857339,255,-0.63810316141816,0.255,999
"fo",132,11.0888684259294,11.1834488311354,0.197015786508781,306,-0.480065109918703,0.306,999
"na",145,10.9642952994528,11.1870134693849,0.161303326406589,77,-1.38074133307486,0.077,999
