"","ntaxa","mpd.obs","mpd.rand.mean","mpd.rand.sd","mpd.obs.rank","mpd.obs.z","mpd.obs.p","runs"
"fr",124,12.9778002104992,13.3664296818527,0.187650318881122,26,-2.07103016755142,0.026,999
"fo",132,13.1188738518703,13.3449075279937,0.156174545261753,76,-1.44731445028079,0.076,999
"na",145,13.3866258778703,13.3768033215412,0.137295678333469,531,0.071543084591722,0.531,999
