"","ntaxa","mpd.obs","mpd.rand.mean","mpd.rand.sd","mpd.obs.rank","mpd.obs.z","mpd.obs.p","runs"
"fr",124,11.9552000168307,12.2059939369174,0.179966476481214,93,-1.39355909495079,0.093,999
"fo",132,12.302803482258,12.2163144162464,0.161176705328479,710,0.536610211974218,0.71,999
"na",145,12.1642437803577,12.2053196613618,0.145122978835655,385,-0.283041881676396,0.385,999
