"","ntaxa","mpd.obs","mpd.rand.mean","mpd.rand.sd","mpd.obs.rank","mpd.obs.z","mpd.obs.p","runs"
"fr",124,21.6391345899478,21.9300944466686,0.298278088399159,165,-0.975465071143367,0.165,999
"fo",132,21.1401134424691,21.8921022445686,0.257352779774524,7,-2.9220154635916,0.007,999
"na",145,22.2506045461048,21.9592028526037,0.21492362198811,924,1.35583837088519,0.924,999
