"","ntaxa","mpd.obs","mpd.rand.mean","mpd.rand.sd","mpd.obs.rank","mpd.obs.z","mpd.obs.p","runs"
"fr",124,20.4680513211382,20.7501063741997,0.327515392038623,199,-0.861196328227094,0.199,999
"fo",132,20.0695715504279,20.7130025023433,0.308871685088725,32,-2.08316586782805,0.032,999
"na",145,21.1994866499042,20.7809102924764,0.243884173948235,967,1.71629159306038,0.967,999
