"","PD","SR"
"fr",225.63032088926,124
"fo",223.70769809458,132
"na",244.68618750148,145
