"","PD","SR"
"fr",196.65075193775,124
"fo",202.90490109292,132
"na",222.41346826561,145
