"","PD","SR"
"fr",344.5473718696,124
"fo",330.83236986233,132
"na",370.91417721895,145
