"","PD","SR"
"fr",191.57823560333,124
"fo",201.39116106094,132
"na",208.3348228694,145
