"","PD","SR"
"fr",346.55871679691,124
"fo",327.98860495011,132
"na",375.33884448611,145
