"","PD","SR"
"fr",203.02013397467,124
"fo",215.65376081857,132
"na",225.85428734242,145
