"","PD","SR"
"fr",348.81602048734,124
"fo",340.78509922484,132
"na",375.62102753376,145
