"","PD","SR"
"fr",350.41011737232,124
"fo",331.16132400083,132
"na",372.76328802787,145
