"","PD","SR"
"fr",182.01466479076,124
"fo",197.85688922023,132
"na",212.75830741373,145
