"","PD","SR"
"fr",196.73743876377,124
"fo",209.94141885704,132
"na",223.41602611048,145
