"","PD","SR"
"fr",189.67707138585,124
"fo",198.71780517455,132
"na",209.25129904909,145
