"","PD","SR"
"fr",353.64215674189,124
"fo",342.77362324248,132
"na",381.35870834892,145
