"","PD","SR"
"fr",346.05201720356,124
"fo",334.35817889444,132
"na",373.4539084684,145
