"","PD","SR"
"fr",361.3902346096,124
"fo",339.97948934267,132
"na",376.65937253613,145
