"","PD","SR"
"fr",204.35801606345,124
"fo",224.1192360628,132
"na",232.97824735294,145
