"","PD","SR"
"fr",350.10523571672,124
"fo",338.0082033239,132
"na",378.00152315618,145
