"","PD","SR"
"fr",211.86453408798,124
"fo",218.74084250055,132
"na",242.90091592211,145
