"","PD","SR"
"fr",344.15052160746,124
"fo",332.65159213897,132
"na",378.53723695437,145
