"","PD","SR"
"fr",358.02387791105,124
"fo",351.18443561585,132
"na",366.32742138092,145
