"","PD","SR"
"fr",341.944242890797,124
"fo",335.054629912797,132
"na",357.057259870587,145
