"","PD","SR"
"fr",350.98666167521,124
"fo",342.33556297524,132
"na",370.72992169864,145
