"","PD","SR"
"fr",202.91244067313,124
"fo",210.65609946509,132
"na",230.09119890186,145
