"","PD","SR"
"fr",184.79438713536,124
"fo",192.86999849117,132
"na",211.90525877058,145
