"","PD","SR"
"fr",188.44942530952,124
"fo",185.65403722587,132
"na",199.62515767669,145
