"","PD","SR"
"fr",199.49583690212,124
"fo",208.68932900269,132
"na",227.73102613661,145
