"","PD","SR"
"fr",358.81408815177,124
"fo",351.08489049936,132
"na",377.14657485063,145
