"","PD","SR"
"fr",347.19051969642,124
"fo",345.41072165757,132
"na",368.63435453977,145
