"","PD","SR"
"fr",361.52663888956,124
"fo",351.42890759069,132
"na",379.71962215942,145
