"","PD","SR"
"fr",348.09017880512,124
"fo",349.56433708542,132
"na",361.94944712908,145
