"","nri.htd","htd.names"
"1","0.00256094174876627","fr"
"2","0.0385926633072402","fo"
"3","1.60474552583623e-06","na"
