"","year.labels","nri.htwy"
"1","2000","0.200123894895585"
"2","2001","0.14070117323331"
"3","2002","0.016367497501972"
"4","2003","0.0161835255795167"
