"","fr","fo","na"
"fr",0,17.8391755808034,14.2480561189064
"fo",17.8391755808034,0,18.0359832743484
"na",14.2480561189064,18.0359832743484,0
