"","fr","fo","na"
"fr",0,10.1291807053475,9.9628138509594
"fo",10.1291807053475,0,10.4959152125732
"na",9.9628138509594,10.4959152125732,0
