"","fr","fo","na"
"fr",0,18.4233908439992,18.8164640558993
"fo",18.4233908439992,0,18.7183132435437
"na",18.8164640558993,18.7183132435437,0
