"","fr","fo","na"
"fr",0,12.0767756496576,12.0842622614323
"fo",12.0767756496576,0,12.1693735236665
"na",12.0842622614323,12.1693735236665,0
