"","fr","fo","na"
"fr",0,18.7964135981108,16.0155247612898
"fo",18.7964135981108,0,19.7815644647829
"na",16.0155247612898,19.7815644647829,0
