"","fr","fo","na"
"fr",0,16.0653065703306,12.7382740623749
"fo",16.0653065703306,0,16.3821509413489
"na",12.7382740623749,16.3821509413489,0
