"","fr","fo","na"
"fr",0,19.0571542846767,19.4960740746028
"fo",19.0571542846767,0,19.4998492420425
"na",19.4960740746028,19.4998492420425,0
