"","fr","fo","na"
"fr",0,11.7824987917562,11.9322292121967
"fo",11.7824987917562,0,11.9676760572149
"na",11.9322292121967,11.9676760572149,0
