"","fr","fo","na"
"fr",0,17.8528150290609,15.6144378660259
"fo",17.8528150290609,0,19.2120022075508
"na",15.6144378660259,19.2120022075508,0
