"","fr","fo","na"
"fr",0,11.2205953786211,11.0110893253202
"fo",11.2205953786211,0,11.1671382638038
"na",11.0110893253202,11.1671382638038,0
