"","fr","fo","na"
"fr",0,17.7598743766145,18.3576466235784
"fo",17.7598743766145,0,18.1846385155812
"na",18.3576466235784,18.1846385155812,0
