"","fr","fo","na"
"fr",0,16.2577090537124,16.9071542942767
"fo",16.2577090537124,0,16.7026410956507
"na",16.9071542942767,16.7026410956507,0
