"","fr","fo","na"
"fr",0,11.5190615835777,11.6413793103448
"fo",11.5190615835777,0,11.7097701149425
"na",11.6413793103448,11.7097701149425,0
