"","fr","fo","na"
"fr",0,16.946189063832,17.4002527440262
"fo",16.946189063832,0,17.36453014511
"na",17.4002527440262,17.36453014511,0
