"","PD","SR"
"fr",352.49609375,124
"fo",347.49609375,132
"na",367.96484375,145
