"","PD","SR"
"fr",202.55662294604,124
"fo",201.4045752056,132
"na",209.58875223193,145
