"","PD","SR"
"fr",345.96563558832,124
"fo",343.81823105135,132
"na",367.93444663335,145
