"","PD","SR"
"fr",356.53890243812,124
"fo",343.71392307161,132
"na",371.33306025412,145
