"","PD","SR"
"fr",185.57070627233,124
"fo",203.99208128722,132
"na",213.75402702407,145
