"","PD","SR"
"fr",298.82267179566,124
"fo",302.27842279146,132
"na",324.93230680147,145
