"","PD","SR"
"fr",201.85058438041,124
"fo",205.7097834524,132
"na",215.37042791431,145
