"","PD","SR"
"fr",190.80683959012,124
"fo",199.1231275468,132
"na",212.68026566648,145
