"","PD","SR"
"fr",213.3145852265,124
"fo",223.0316031246,132
"na",236.0554786802,145
