"","PD","SR"
"fr",211.62442686755,124
"fo",217.32750218114,132
"na",224.8675421525,145
