"","fr","fo","na"
"fr",0,19.316445183313,19.8499803805665
"fo",19.316445183313,0,19.7816071021411
"na",19.8499803805665,19.7816071021411,0
