"","fr","fo","na"
"fr",0,9.00341529452433,10.776038931613
"fo",9.00341529452433,0,12.2848782063871
"na",10.776038931613,12.2848782063871,0
