"","fr","fo","na"
"fr",0,20.0674099033772,18.414613333398
"fo",20.0674099033772,0,22.7309315869812
"na",18.414613333398,22.7309315869812,0
