"","fr","fo","na"
"fr",0,21.2613736557233,19.6256970239047
"fo",21.2613736557233,0,23.7249670553454
"na",19.6256970239047,23.7249670553454,0
