"","fr","fo","na"
"fr",0,10.0855456184894,12.3132700838493
"fo",10.0855456184894,0,13.5741687915017
"na",12.3132700838493,13.5741687915017,0
