"","fr","fo","na"
"fr",0,19.8628969409762,16.5640502537379
"fo",19.8628969409762,0,21.027620690404
"na",16.5640502537379,21.027620690404,0
