"","fr","fo","na"
"fr",0,12.8136524641779,12.9497924355297
"fo",12.8136524641779,0,13.0372355493534
"na",12.9497924355297,13.0372355493534,0
