"","fr","fo","na"
"fr",0,20.4170024699807,19.4936720427594
"fo",20.4170024699807,0,22.6352215539661
"na",19.4936720427594,22.6352215539661,0
