"","fr","fo","na"
"fr",0,19.4184159603988,20.007655339446
"fo",19.4184159603988,0,19.9834111014612
"na",20.007655339446,19.9834111014612,0
