"","fr","fo","na"
"fr",0,19.9110416171865,17.6327286478854
"fo",19.9110416171865,0,22.0783969047496
"na",17.6327286478854,22.0783969047496,0
