"","fr","fo","na"
"fr",0,9.69858056556315,11.3075487392231
"fo",9.69858056556315,0,11.7291255552389
"na",11.3075487392231,11.7291255552389,0
