"","fr","fo","na"
"fr",0,20.1433475378788,20.8029485887097
"fo",20.1433475378788,0,20.7037135906479
"na",20.8029485887097,20.7037135906479,0
