"","fr","fo","na"
"fr",0,20.6459138007778,21.3284263314491
"fo",20.6459138007778,0,21.2500523510437
"na",21.3284263314491,21.2500523510437,0
