"","fr","fo","na"
"fr",0,19.6337615983517,17.9736600806469
"fo",19.6337615983517,0,21.850663250695
"na",17.9736600806469,21.850663250695,0
