"","fr","fo","na"
"fr",0,10.26587314479,10.4155424486687
"fo",10.26587314479,0,10.5527256195516
"na",10.4155424486687,10.5527256195516,0
