"","fr","fo","na"
"fr",0,20.6573666956303,17.2015301751933
"fo",20.6573666956303,0,20.9496416624241
"na",17.2015301751933,20.9496416624241,0
