"","fr","fo","na"
"fr",0,19.7985901459207,17.344101536926
"fo",19.7985901459207,0,21.4671277334743
"na",17.344101536926,21.4671277334743,0
