"","fr","fo","na"
"fr",0,12.7297223893465,12.8513286955852
"fo",12.7297223893465,0,12.9148221673778
"na",12.8513286955852,12.9148221673778,0
