"","fr","fo","na"
"fr",0,9.89445873870259,10.1986896094901
"fo",9.89445873870259,0,10.1949927668777
"na",10.1986896094901,10.1949927668777,0
