"","fr","fo","na"
"fr",0,18.5608082509838,19.0768206961668
"fo",18.5608082509838,0,19.0105939102067
"na",19.0768206961668,19.0105939102067,0
