"","fr","fo","na"
"fr",0,13.1929076709848,13.3565345581145
"fo",13.1929076709848,0,13.4634705375349
"na",13.3565345581145,13.4634705375349,0
