"","fr","fo","na"
"fr",0,11.4962121212121,11.6191323692992
"fo",11.4962121212121,0,11.6958202716823
"na",11.6191323692992,11.6958202716823,0
