"","fr","fo","na"
"fr",0,8.20636236017027,9.30482200628064
"fo",8.20636236017027,0,9.9356414505188
"na",9.30482200628064,9.9356414505188,0
