"","fr","fo","na"
"fr",0,8.5475843218035,9.40290429734344
"fo",8.5475843218035,0,9.81158244709098
"na",9.40290429734344,9.81158244709098,0
