"","fr","fo","na"
"fr",0,20.9339064403012,21.4525217758788
"fo",20.9339064403012,0,21.4170747043874
"na",21.4525217758788,21.4170747043874,0
