"","fr","fo","na"
"fr",0,11.518182198023,10.0466038604498
"fo",11.518182198023,0,11.8832301920527
"na",10.0466038604498,11.8832301920527,0
