"","fr","fo","na"
"fr",0,10.9374913108432,10.7002881333792
"fo",10.9374913108432,0,10.8589795373859
"na",10.7002881333792,10.8589795373859,0
