"","fr","fo","na"
"fr",0,11.4970976421495,11.61672976656
"fo",11.4970976421495,0,13.2740148658916
"na",11.61672976656,13.2740148658916,0
