"","fr","fo","na"
"fr",0,20.0636531508543,17.3636143564013
"fo",20.0636531508543,0,20.8274410872677
"na",17.3636143564013,20.8274410872677,0
