"","fr","fo","na"
"fr",0,17.4658310815431,18.2876983691172
"fo",17.4658310815431,0,18.2246662297542
"na",18.2876983691172,18.2246662297542,0
