"","fr","fo","na"
"fr",0,11.0379621204296,11.2466215040574
"fo",11.0379621204296,0,11.3257597215915
"na",11.2466215040574,11.3257597215915,0
