"","fr","fo","na"
"fr",0,9.81890323649764,10.5370083930656
"fo",9.81890323649764,0,11.662995423756
"na",10.5370083930656,11.662995423756,0
