"","fr","fo","na"
"fr",0,11.4909579667644,11.615850945495
"fo",11.4909579667644,0,11.694723092999
"na",11.615850945495,11.694723092999,0
