"","fr","fo","na"
"fr",0,10.9141180098393,11.6127862797015
"fo",10.9141180098393,0,12.5189374100639
"na",11.6127862797015,12.5189374100639,0
