"","fr","fo","na"
"fr",0,9.82566044500538,9.78299437789156
"fo",9.82566044500538,0,9.91070033581838
"na",9.78299437789156,9.91070033581838,0
