"","fr","fo","na"
"fr",0,19.9658767629881,20.6120999884196
"fo",19.9658767629881,0,20.4830377964286
"na",20.6120999884196,20.4830377964286,0
