"","fr","fo","na"
"fr",0,10.6524747698662,10.7220261605084
"fo",10.6524747698662,0,10.8511667337575
"na",10.7220261605084,10.8511667337575,0
