"","fr","fo","na"
"fr",0,9.35620396180517,9.70343681844972
"fo",9.35620396180517,0,10.9323873486813
"na",9.70343681844972,10.9323873486813,0
