"","fr","fo","na"
"fr",0,19.9881629989878,17.5290870276124
"fo",19.9881629989878,0,21.5056645783698
"na",17.5290870276124,21.5056645783698,0
