"","fr","fo","na"
"fr",0,21.4570981706874,19.4441121890159
"fo",21.4570981706874,0,22.9210496768169
"na",19.4441121890159,22.9210496768169,0
