"","fr","fo","na"
"fr",0,10.0850022098706,10.7367737743515
"fo",10.0850022098706,0,12.4339610321276
"na",10.7367737743515,12.4339610321276,0
