"","fr","fo","na"
"fr",0,18.3455493827191,16.1862173350937
"fo",18.3455493827191,0,20.7417113485528
"na",16.1862173350937,20.7417113485528,0
