"","fr","fo","na"
"fr",0,19.5354476548872,20.1973334939399
"fo",19.5354476548872,0,20.0966188416333
"na",20.1973334939399,20.0966188416333,0
