"","fr","fo","na"
"fr",0,20.409168301819,21.0427914308556
"fo",20.409168301819,0,20.9162458828311
"na",21.0427914308556,20.9162458828311,0
