"","fr","fo","na"
"fr",0,22.2684525629396,19.6612675788128
"fo",22.2684525629396,0,24.2055137878149
"na",19.6612675788128,24.2055137878149,0
