"","fr","fo","na"
"fr",0,20.056171791017,20.6809717547147
"fo",20.056171791017,0,20.6008720010912
"na",20.6809717547147,20.6008720010912,0
