"","fr","fo","na"
"fr",0,10.5778207096334,10.8682578436244
"fo",10.5778207096334,0,10.881759553998
"na",10.8682578436244,10.881759553998,0
