"","fr","fo","na"
"fr",0,21.7877714850237,19.929239029577
"fo",21.7877714850237,0,23.8108590060781
"na",19.929239029577,23.8108590060781,0
