"","fr","fo","na"
"fr",0,9.67976618563448,10.3972539861832
"fo",9.67976618563448,0,11.6458989621633
"na",10.3972539861832,11.6458989621633,0
