"","fr","fo","na"
"fr",0,19.8832957722961,20.4900807538488
"fo",19.8832957722961,0,20.4123987781949
"na",20.4900807538488,20.4123987781949,0
