"","fr","fo","na"
"fr",0,8.6485159241221,8.69276586816311
"fo",8.6485159241221,0,8.73601423783164
"na",8.69276586816311,8.73601423783164,0
