"","fr","fo","na"
"fr",0,10.8480864625607,11.0500994243019
"fo",10.8480864625607,0,11.1250832759615
"na",11.0500994243019,11.1250832759615,0
