"","fr","fo","na"
"fr",0,8.73894059622882,10.3080875237557
"fo",8.73894059622882,0,10.4092910862127
"na",10.3080875237557,10.4092910862127,0
