"","fr","fo","na"
"fr",0,12.3341492994574,12.5381390185869
"fo",12.3341492994574,0,12.6216168881209
"na",12.5381390185869,12.6216168881209,0
