"","fr","fo","na"
"fr",0,20.8935002779228,21.4948246691763
"fo",20.8935002779228,0,21.4664703021495
"na",21.4948246691763,21.4664703021495,0
