"","fr","fo","na"
"fr",0,20.8286909617447,21.6765247742702
"fo",20.8286909617447,0,21.5574335672084
"na",21.6765247742702,21.5574335672084,0
