"","fr","fo","na"
"fr",0,9.62137683288266,11.7411436501577
"fo",9.62137683288266,0,11.5639244126946
"na",11.7411436501577,11.5639244126946,0
