"","fr","fo","na"
"fr",0,10.3806643931809,11.3720793343709
"fo",10.3806643931809,0,11.8135030447566
"na",11.3720793343709,11.8135030447566,0
