"","fr","fo","na"
"fr",0,21.2586569515438,21.9174249705907
"fo",21.2586569515438,0,21.7839345174053
"na",21.9174249705907,21.7839345174053,0
