"","fr","fo","na"
"fr",0,20.9846052599928,18.1292805101
"fo",20.9846052599928,0,22.6182793595233
"na",18.1292805101,22.6182793595233,0
