"","fr","fo","na"
"fr",0,18.9676360752587,16.7861957029471
"fo",18.9676360752587,0,20.7792844842983
"na",16.7861957029471,20.7792844842983,0
