"","fr","fo","na"
"fr",0,11.8014849588901,12.0304947229487
"fo",11.8014849588901,0,12.0046803351744
"na",12.0304947229487,12.0046803351744,0
