"","fr","fo","na"
"fr",0,21.9736196149318,20.1443443657116
"fo",21.9736196149318,0,25.0679947533634
"na",20.1443443657116,25.0679947533634,0
