"","fr","fo","na"
"fr",0,20.549966038476,20.9908887979131
"fo",20.549966038476,0,20.9557830876499
"na",20.9908887979131,20.9557830876499,0
