"","fr","fo","na"
"fr",0,19.3734619346548,18.3366359657188
"fo",19.3734619346548,0,21.8542345190817
"na",18.3366359657188,21.8542345190817,0
