"","fr","fo","na"
"fr",0,21.0629844070776,21.8013458629731
"fo",21.0629844070776,0,21.5899313016025
"na",21.8013458629731,21.5899313016025,0
