"","fr","fo","na"
"fr",0,20.1743681520957,20.5358051068665
"fo",20.1743681520957,0,20.4856395757421
"na",20.5358051068665,20.4856395757421,0
