"","fr","fo","na"
"fr",0,18.7055997412409,17.373943518503
"fo",18.7055997412409,0,21.3274128372431
"na",17.373943518503,21.3274128372431,0
