"","fr","fo","na"
"fr",0,9.11652943457254,9.22438419801229
"fo",9.11652943457254,0,10.4757648866819
"na",9.22438419801229,10.4757648866819,0
