"","fr","fo","na"
"fr",0,21.4516277020533,22.0805102924864
"fo",21.4516277020533,0,22.0407952590721
"na",22.0805102924864,22.0407952590721,0
