"","fr","fo","na"
"fr",0,11.2927504226531,11.0454964735836
"fo",11.2927504226531,0,13.2179372879521
"na",11.0454964735836,13.2179372879521,0
