"","fr","fo","na"
"fr",0,20.5244171669827,17.9787337768441
"fo",20.5244171669827,0,22.3110035374518
"na",17.9787337768441,22.3110035374518,0
