"","fr","fo","na"
"fr",0,7.17899497419878,7.97224670242214
"fo",7.17899497419878,0,9.41826333690021
"na",7.97224670242214,9.41826333690021,0
