"","fr","fo","na"
"fr",0,21.0972317722802,21.5714786752846
"fo",21.0972317722802,0,21.5149453449828
"na",21.5714786752846,21.5149453449828,0
