"","fr","fo","na"
"fr",0,12.9686120287754,13.1598005004877
"fo",12.9686120287754,0,13.29472836934
"na",13.1598005004877,13.29472836934,0
