"","fr","fo","na"
"fr",0,12.4279918572122,12.4556736030459
"fo",12.4279918572122,0,12.5833224034472
"na",12.4556736030459,12.5833224034472,0
