"","fr","fo","na"
"fr",0,10.2283423260712,11.4802655481722
"fo",10.2283423260712,0,13.0381746301169
"na",11.4802655481722,13.0381746301169,0
