"","fr","fo","na"
"fr",0,8.29091511482534,8.13411207055826
"fo",8.29091511482534,0,9.17354950962099
"na",8.13411207055826,9.17354950962099,0
