"","fr","fo","na"
"fr",0,11.0026073770834,10.9835431361757
"fo",11.0026073770834,0,11.0437197939734
"na",10.9835431361757,11.0437197939734,0
