"","fr","fo","na"
"fr",0,12.0548663882126,12.0257421827373
"fo",12.0548663882126,0,12.247466962387
"na",12.0257421827373,12.247466962387,0
