"","fr","fo","na"
"fr",0,20.3130498533724,20.8350389321468
"fo",20.3130498533724,0,20.7586729362591
"na",20.8350389321468,20.7586729362591,0
