"","fr","fo","na"
"fr",0,12.0298399129536,12.1435543261678
"fo",12.0298399129536,0,12.2471800103572
"na",12.1435543261678,12.2471800103572,0
