"","fr","fo","na"
"fr",0,10.3826516822876,12.7046438395946
"fo",10.3826516822876,0,12.9849415218814
"na",12.7046438395946,12.9849415218814,0
