"","fr","fo","na"
"fr",0,20.532264323165,18.7924229848652
"fo",20.532264323165,0,22.7010644998516
"na",18.7924229848652,22.7010644998516,0
