"","ntaxa","mpd.obs","mpd.rand.mean","mpd.rand.sd","mpd.obs.rank","mpd.obs.z","mpd.obs.p","runs"
"fr",124,7.8721669038447,10.0191487548013,0.707941356341444,3,-3.03271144103222,0.003,999
"fo",132,9.01169872359133,9.6646479494827,0.907886983469279,240,-0.719196593607144,0.24,999
"na",145,7.90002756728707,8.84371549084162,0.745263828376186,112,-1.26624678083558,0.112,999
