"","ntaxa","mpd.obs","mpd.rand.mean","mpd.rand.sd","mpd.obs.rank","mpd.obs.z","mpd.obs.p","runs"
"fr",124,17.1669208414237,17.3762552517857,0.201665161911875,147,-1.03802961491886,0.147,999
"fo",132,16.9278226537858,17.3508466638161,0.194974341369703,16,-2.16963938464197,0.016,999
"na",145,17.6972046013238,17.3955176947993,0.157259878472022,979,1.91839717451013,0.979,999
