"","fr","fo","na"
"fr",0,9.5844272812353,10.2838096399802
"fo",9.5844272812353,0,11.5514021381356
"na",10.2838096399802,11.5514021381356,0
