"","fr","fo","na"
"fr",0,10.0368960874924,10.0932848509568
"fo",10.0368960874924,0,11.3304122408384
"na",10.0932848509568,11.3304122408384,0
