"","fr","fo","na"
"fr",0,8.62844290893374,9.78791752413987
"fo",8.62844290893374,0,12.0520160710577
"na",9.78791752413987,12.0520160710577,0
