"","fr","fo","na"
"fr",0,11.2072922123927,11.1385571301186
"fo",11.2072922123927,0,11.3412017890819
"na",11.1385571301186,11.3412017890819,0
