"","fr","fo","na"
"fr",0,19.2039943400018,19.5919163095974
"fo",19.2039943400018,0,19.6403051686178
"na",19.5919163095974,19.6403051686178,0
