"","fr","fo","na"
"fr",0,17.8731671554252,18.3761957730812
"fo",17.8731671554252,0,18.3063740856844
"na",18.3761957730812,18.3063740856844,0
