"","fr","fo","na"
"fr",0,19.0569611618223,19.6022565477339
"fo",19.0569611618223,0,19.58500953839
"na",19.6022565477339,19.58500953839,0
