"","fr","fo","na"
"fr",0,9.22140306104302,9.66229814799361
"fo",9.22140306104302,0,11.3213271864649
"na",9.66229814799361,11.3213271864649,0
