"","fr","fo","na"
"fr",0,10.0414093173613,11.1886622688701
"fo",10.0414093173613,0,12.3230517193133
"na",11.1886622688701,12.3230517193133,0
