"","fr","fo","na"
"fr",0,11.2473851361125,11.3756204011149
"fo",11.2473851361125,0,11.499756368585
"na",11.3756204011149,11.499756368585,0
