"","fr","fo","na"
"fr",0,17.1730697044201,14.9215467010413
"fo",17.1730697044201,0,17.829333747502
"na",14.9215467010413,17.829333747502,0
