"","fr","fo","na"
"fr",0,10.4114554682239,9.26253923394865
"fo",10.4114554682239,0,11.0213726349897
"na",9.26253923394865,11.0213726349897,0
