"","fr","fo","na"
"fr",0,11.05676463299,13.4789920998827
"fo",11.05676463299,0,14.651274633623
"na",13.4789920998827,14.651274633623,0
