"","fr","fo","na"
"fr",0,8.97977585401909,9.44370612166764
"fo",8.97977585401909,0,10.058154676325
"na",9.44370612166764,10.058154676325,0
