"","fr","fo","na"
"fr",0,19.4803350111461,16.5547942454591
"fo",19.4803350111461,0,21.0414450947926
"na",16.5547942454591,21.0414450947926,0
