"","fr","fo","na"
"fr",0,18.9840847955143,19.6049555167469
"fo",18.9840847955143,0,19.5768262691861
"na",19.6049555167469,19.5768262691861,0
