"","fr","fo","na"
"fr",0,18.3883984687057,18.8774611643766
"fo",18.3883984687057,0,18.7726164159803
"na",18.8774611643766,18.7726164159803,0
