"","fr","fo","na"
"fr",0,10.9327918549555,10.7953188839886
"fo",10.9327918549555,0,10.9196765419311
"na",10.7953188839886,10.9196765419311,0
