"","fr","fo","na"
"fr",0,19.4810491961567,18.2137341018035
"fo",19.4810491961567,0,21.6246553550264
"na",18.2137341018035,21.6246553550264,0
