"","fr","fo","na"
"fr",0,18.5126108646899,16.7234216643087
"fo",18.5126108646899,0,19.1980837514177
"na",16.7234216643087,19.1980837514177,0
