"","fr","fo","na"
"fr",0,8.70835591000306,9.001972174337
"fo",8.70835591000306,0,8.85224660001182
"na",9.001972174337,8.85224660001182,0
