"","fr","fo","na"
"fr",0,13.8036608006057,13.9702021114028
"fo",13.8036608006057,0,13.9944608924669
"na",13.9702021114028,13.9944608924669,0
