"","fr","fo","na"
"fr",0,18.3349774679853,16.5908300579135
"fo",18.3349774679853,0,19.9366131593506
"na",16.5908300579135,19.9366131593506,0
