"","fr","fo","na"
"fr",0,18.984415234408,16.4092775792816
"fo",18.984415234408,0,19.8441573533988
"na",16.4092775792816,19.8441573533988,0
