"","fr","fo","na"
"fr",0,12.1904833625879,12.1462184119074
"fo",12.1904833625879,0,12.3357889012592
"na",12.1462184119074,12.3357889012592,0
