"","fr","fo","na"
"fr",0,11.209561722975,11.6561294760907
"fo",11.209561722975,0,11.6347370440187
"na",11.6561294760907,11.6347370440187,0
